condicion,seed,episodio,LG
B4,0,0,-0.007097
B4,0,1,0.052564
B4,0,2,-0.068676
B4,0,3,-0.018833
B4,0,4,-0.026798
B4,0,5,0.019893
B4,0,6,-0.037902
B4,0,7,0.000061
B4,0,8,0.009444
B4,0,9,-0.004744
B4,0,10,-0.056927
B4,0,11,0.078040
B4,0,12,0.071044
B4,0,13,0.009717
B4,0,14,0.005410
B4,1,0,-0.147700
B4,1,1,-0.135161
B4,1,2,-0.125309
B4,1,3,-0.072733
B4,1,4,-0.093661
B4,1,5,-0.074846
B4,1,6,-0.090754
B4,1,7,-0.127490
B4,1,8,-0.115048
B4,1,9,-0.086760
B4,1,10,-0.083770
B4,1,11,-0.118853
B4,1,12,-0.035922
B4,1,13,-0.105606
B4,1,14,-0.072137
B4,2,0,-0.121556
B4,2,1,-0.123154
B4,2,2,-0.133881
B4,2,3,-0.067178
B4,2,4,-0.083314
B4,2,5,-0.096003
B4,2,6,-0.084196
B4,2,7,-0.126851
B4,2,8,-0.154081
B4,2,9,-0.128946
B4,2,10,-0.116489
B4,2,11,-0.074055
B4,2,12,-0.087549
B4,2,13,-0.095231
B4,2,14,-0.067089
