condicion,seed,lg_ultimo_ep,acc_ultimo_ep,lg_media_ep1_500,lg_media_ep4501_5000
B0,0,0.01026,0.72,0.03223,0.02499
B0,1,-0.01208,0.72,-0.05857,-0.05732
B0,2,-0.06664,0.80,-0.08151,-0.08435
B0,3,-0.06841,0.72,-0.10351,-0.08979
B0,4,0.12961,0.74,0.12784,0.15069
B0,5,-0.12498,0.74,-0.09090,-0.09128
B0,6,-0.10726,0.70,-0.03055,-0.01791
B0,7,0.05670,0.72,0.06939,0.07768
B0,8,0.10646,0.80,0.02392,0.02923
B0,9,-0.30741,0.64,-0.25444,-0.23762
B1,0,0.01026,0.72,0.03223,0.02499
B1,1,-0.01208,0.72,-0.05857,-0.05732
B1,2,-0.06664,0.80,-0.08151,-0.08435
B1,3,-0.06841,0.72,-0.10351,-0.08979
B1,4,0.12961,0.74,0.12784,0.15069
B1,5,-0.12498,0.74,-0.09090,-0.09128
B1,6,-0.10726,0.70,-0.03055,-0.01791
B1,7,0.05670,0.72,0.06939,0.07768
B1,8,0.10646,0.80,0.02392,0.02923
B1,9,-0.30741,0.64,-0.25444,-0.23762
B2,0,0.01026,0.72,0.03223,0.02499
B2,1,-0.01208,0.72,-0.05857,-0.05732
B2,2,-0.06664,0.80,-0.08151,-0.08435
B2,3,-0.06841,0.72,-0.10351,-0.08979
B2,4,0.12961,0.74,0.12784,0.15069
B2,5,-0.12498,0.74,-0.09090,-0.09128
B2,6,-0.10726,0.70,-0.03055,-0.01791
B2,7,0.05670,0.72,0.06939,0.07768
B2,8,0.10646,0.80,0.02392,0.02923
B2,9,-0.30741,0.64,-0.25444,-0.23762
B3,0,0.01026,0.72,0.03223,0.02499
B3,1,-0.01208,0.72,-0.05857,-0.05732
B3,2,-0.06664,0.80,-0.08151,-0.08435
B3,3,-0.06841,0.72,-0.10351,-0.08979
B3,4,0.12961,0.74,0.12784,0.15069
B3,5,-0.12498,0.74,-0.09090,-0.09128
B3,6,-0.10726,0.70,-0.03055,-0.01791
B3,7,0.05670,0.72,0.06939,0.07768
B3,8,0.10646,0.80,0.02392,0.02923
B3,9,-0.30741,0.64,-0.25444,-0.23762
B4,0,0.01026,0.72,0.03223,0.02499
B4,1,-0.01208,0.72,-0.05857,-0.05732
B4,2,-0.06664,0.80,-0.08151,-0.08435
B4,3,-0.06841,0.72,-0.10351,-0.08979
B4,4,0.12961,0.74,0.12784,0.15069
B4,5,-0.12498,0.74,-0.09090,-0.09128
B4,6,-0.10726,0.70,-0.03055,-0.01791
B4,7,0.05670,0.72,0.06939,0.07768
B4,8,0.10646,0.80,0.02392,0.02923
B4,9,-0.30741,0.64,-0.25444,-0.23762
B5,0,0.52000,0.84,0.03418,0.52000
B5,1,0.51455,0.00,0.07948,0.49677
B5,2,0.55042,0.00,0.07788,0.49750
B5,3,0.51788,0.00,0.07772,0.49719
B5,4,0.54731,0.00,0.08024,0.49787
B5,5,0.55328,0.00,0.07796,0.49862
B5,6,0.50287,0.00,0.07903,0.49886
B5,7,0.45155,0.00,0.07783,0.49695
B5,8,0.49378,0.00,0.07708,0.50056
B5,9,0.45331,0.00,0.07782,0.49735
