seed,theta_0,theta_1,theta_2,theta_media,cota_optimista_LG
0,0.4101759322405937,0.2112897273691395,0.48120557359664634,0.3675570777354598,0.5491510450980448
1,0.5026977571027327,0.746102925078908,0.5616716638587522,0.6034907820134643,0.5270426597937382
2,0.6180588838324904,0.8034834792608061,0.3858189576051059,0.602453773566134,0.550238804516074
3,0.7235822484271687,0.8628068814472563,0.28323650729349503,0.6232085457226401,0.5857193452433226
4,0.16452397753138,0.24464423164042906,0.1434874500630355,0.18421855307828153,0.555276268575653
5,0.3782014093992165,0.7744356011841464,0.7421040603739247,0.6315803569857626,0.5459949954708243
6,0.9811358612406634,0.13176864616636194,0.5625116548127357,0.5584720540732536,0.6616503045966243
7,0.5550728318320564,0.39631020427571245,0.3175523614689096,0.4229784658588928,0.5441037745349105
8,0.8066301247025325,0.18033954993117018,0.48522921294041355,0.4907329625247054,0.5876760234966426
9,0.7265524730884961,0.6129892659593635,0.871009880244838,0.7368505397642325,0.5044095454919049
