seed,item_id,text_id,item_en_texto,a_discriminacion,b_dificultad,c_azar,habilidad
0,0,0,0,1.5643540247857453,-0.1321048632913019,0.25,0
0,1,0,1,0.819833162634235,-0.535669373161111,0.25,0
0,2,0,2,1.895306692733266,1.3040000451301372,0.25,2
0,3,0,3,1.4523499897585075,-1.2654214710460525,0.25,2
0,4,0,4,1.7790242649458385,0.0413259793472436,0.25,1
0,5,0,5,0.8403026903665572,-1.2459109472530652,0.25,2
0,6,0,6,1.010786744723071,-0.5442589828573099,0.25,0
0,7,0,7,1.1596542686448617,1.0425133694426776,0.25,1
0,8,0,8,0.8339836053745556,1.3664634705496859,0.25,0
0,9,0,9,1.5766274138891,0.9034701816518086,0.25,2
0,10,1,0,1.2604130651142602,-0.7434992493538084,0.25,2
0,11,1,1,1.6226503813768338,0.2201951234700494,0.25,2
0,12,1,2,1.6261360766851283,-0.20917557487171307,0.25,2
0,13,1,3,1.6657860082328981,0.2146591225063409,0.25,0
0,14,1,4,1.1722902506707469,-0.6538286094183394,0.25,2
0,15,1,5,1.9208522191474997,1.4934311452207607,0.25,2
0,16,1,6,1.4858357968757132,1.5139237747390626,0.25,2
0,17,1,7,1.2054934706085598,0.2644556303293035,0.25,1
0,18,1,8,1.8683292224057508,1.4580206835369587,0.25,2
0,19,1,9,0.9008184122988618,1.31510376473437,0.25,1
0,20,2,0,1.74451796898642,-1.2083186322821715,0.25,2
0,21,2,1,0.8702816417662332,-1.2883614637495544,0.25,2
0,22,2,2,0.980335360273807,0.42986369482223,0.25,2
0,23,2,3,1.076770650792497,-0.6617025720390349,0.25,2
0,24,2,4,1.2854622077858338,-1.169801907772864,0.25,2
0,25,2,5,1.4963988631842207,0.3289696294602021,0.25,0
0,26,2,6,1.6063938535476314,1.5834728788021222,0.25,2
0,27,2,7,1.2381322018937944,-2.2035098806466507,0.25,2
0,28,2,8,1.554929781847651,0.6836861907765345,0.25,1
0,29,2,9,1.9455085924288846,1.8220113633283233,0.25,1
0,30,3,0,1.994115806282389,-0.6615280218152191,0.25,0
0,31,3,1,1.7092746143699498,2.002392583645255,0.25,1
0,32,3,2,1.4351745922361245,-0.6331940901922267,0.25,0
0,33,3,3,1.6813802861464753,-1.277680166386608,0.25,1
0,34,3,4,1.918471623936054,0.5811658124128057,0.25,0
0,35,3,5,1.9129087143494719,1.689107452443673,0.25,2
0,36,3,6,0.8176475659584432,1.5744082788445868,0.25,0
0,37,3,7,1.9486522155331563,0.24978537155866684,0.25,2
0,38,3,8,1.967154576587546,0.16100957671534466,0.25,1
0,39,3,9,1.3759855085693986,-1.401520214917428,0.25,2
0,40,4,0,1.7622566944619695,0.989713033285805,0.25,2
0,41,4,1,1.4467212891466243,0.8730421526217066,0.25,0
0,42,4,2,1.917220779177386,-0.7130680950592722,0.25,2
0,43,4,3,1.5372478963387959,0.38636959756630584,0.25,2
0,44,4,4,1.6630637273920885,0.10927969747781388,0.25,0
0,45,4,5,1.4153104679144937,0.6941719367070082,0.25,2
0,46,4,6,0.8792989960688897,1.4209820223119163,0.25,1
0,47,4,7,1.2131719745649503,1.1648639811110282,0.25,0
0,48,4,8,1.9592744969408842,0.844078680578592,0.25,2
0,49,4,9,1.090010856913214,-0.13504510003701392,0.25,0
0,50,5,0,1.0710433141007893,-1.4227417685154136,0.25,2
0,51,5,1,1.4649086026079214,-1.0298044380114637,0.25,1
0,52,5,2,1.472571142407423,0.26841707970891465,0.25,1
0,53,5,3,1.7817451651650926,-0.013914668524093734,0.25,1
0,54,5,4,1.9508931712369306,1.4022648267725224,0.25,0
0,55,5,5,1.512709041935802,1.228683719203421,0.25,1
0,56,5,6,0.9745682458238382,0.42377135285334727,0.25,0
0,57,5,7,0.851680266281845,0.3194142202523809,0.25,2
0,58,5,8,1.2984608448454695,-1.9016352983759945,0.25,0
0,59,5,9,1.2380553893099249,1.0801634125378852,0.25,0
0,60,6,0,1.5831374916039662,0.08347535610700986,0.25,2
0,61,6,1,1.932561712330509,-0.011533061686586776,0.25,2
0,62,6,2,1.837733954480929,0.3006851142946058,0.25,1
0,63,6,3,1.315728873414292,-2.3982328653977714,0.25,1
0,64,6,4,1.9717547863232534,-0.29758403894333035,0.25,0
0,65,6,5,1.1238041426009602,1.816475940881144,0.25,0
0,66,6,6,1.8575686072852278,0.08661926298854213,0.25,1
0,67,6,7,1.9939008177931015,0.9174879834442943,0.25,1
0,68,6,8,1.019254854711875,0.0476727312116796,0.25,0
0,69,6,9,1.6014672866856214,0.6131890778590062,0.25,2
0,70,7,0,1.9108574926573025,-1.473887948041959,0.25,1
0,71,7,1,1.096576088386529,-0.23993667125803605,0.25,2
0,72,7,2,1.6040742191779231,-1.0428601409845046,0.25,2
0,73,7,3,1.2746687277258513,-0.4368683255972816,0.25,0
0,74,7,4,1.4736809210602675,-0.47657904055841377,0.25,2
0,75,7,5,1.43122669834145,-0.47433298683443925,0.25,0
0,76,7,6,0.9067227682955264,-1.3077531969011476,0.25,0
0,77,7,7,0.8076906591971722,-0.2831250656795347,0.25,1
0,78,7,8,1.973918856608175,-1.2826492440738984,0.25,2
0,79,7,9,1.025009258873342,0.5863372815313004,0.25,0
0,80,8,0,1.0341288781481661,-0.6134178486140281,0.25,2
0,81,8,1,1.9549077117492573,0.8061393585150219,0.25,1
0,82,8,2,1.3999673883903423,2.7958055774008006,0.25,0
0,83,8,3,1.265680078141423,-1.2926461227593415,0.25,0
0,84,8,4,1.6710570365309323,1.377950952722521,0.25,0
0,85,8,5,1.8482271573448785,-0.7871927421571577,0.25,1
0,86,8,6,1.8951463203690628,-0.19550582783310236,0.25,2
0,87,8,7,0.9528836108586877,-0.5611981104091591,0.25,2
0,88,8,8,0.8843915042830617,3.0660367390488967,0.25,2
0,89,8,9,1.3958860325586238,-0.6486006079033346,0.25,1
0,90,9,0,1.6084801252727283,-0.5000084331847482,0.25,0
0,91,9,1,1.3524263946407897,-0.1523386358242358,0.25,2
0,92,9,2,1.7475988789518444,-1.0048010070276965,0.25,0
0,93,9,3,1.0366819367550422,1.2043962915330844,0.25,1
0,94,9,4,1.386615243355112,-1.256138069727733,0.25,1
0,95,9,5,1.9556229681491206,-0.963854230732174,0.25,0
0,96,9,6,1.3775125958903223,-1.1422789566319196,0.25,1
0,97,9,7,1.5861452767896562,0.8545842348534083,0.25,1
0,98,9,8,0.8783244996935498,1.760667296993123,0.25,0
0,99,9,9,1.1906547393208453,2.552424025371081,0.25,1
0,100,10,0,1.7374286024916539,-1.2212233497261362,0.25,0
0,101,10,1,1.8530346870461554,1.066324553166257,0.25,1
0,102,10,2,1.6501025082966394,0.8047169314794976,0.25,2
0,103,10,3,1.1867440696877982,0.16324400572267767,0.25,2
0,104,10,4,1.0703941302507982,2.3458080738406677,0.25,2
0,105,10,5,1.4496919803561976,-1.0658380219633747,0.25,1
0,106,10,6,1.2883373607671673,-0.005876026696904225,0.25,1
0,107,10,7,1.8222510946811084,-0.1857739586715857,0.25,2
0,108,10,8,1.6445429231201574,-0.8274022267661552,0.25,0
0,109,10,9,1.8125486748424722,-0.7814240416773149,0.25,2
0,110,11,0,1.975626450211588,-0.9755828305996581,0.25,1
0,111,11,1,1.7041358463006864,-0.7443606009308561,0.25,1
0,112,11,2,1.3713764863625038,1.4223785052484463,0.25,0
0,113,11,3,1.152709107169469,-0.22066120781608659,0.25,2
0,114,11,4,1.4848217430313988,-2.9360454460171126,0.25,0
0,115,11,5,0.8884892160773672,-1.0026842990328195,0.25,1
0,116,11,6,1.3142475297715086,0.7323017147112972,0.25,0
0,117,11,7,0.9472287922112882,0.6398520751723783,0.25,1
0,118,11,8,1.6208605376900396,-0.958933707794222,0.25,1
0,119,11,9,1.499984056308171,0.3012921765535601,0.25,2
0,120,12,0,1.6537841889413096,0.8328944493608352,0.25,0
0,121,12,1,1.4385925681692129,0.5583399616951433,0.25,2
0,122,12,2,1.99641235168699,-2.020383020558722,0.25,2
0,123,12,3,1.2700097593446835,-0.025445316692543535,0.25,0
0,124,12,4,1.3270747182299678,-0.63057798997102,0.25,2
0,125,12,5,1.6713482131207764,-0.263788160540625,0.25,0
0,126,12,6,1.0287410724848218,1.2297538109392712,0.25,0
0,127,12,7,1.3813987308155005,0.17681246373052467,0.25,1
0,128,12,8,0.9032149232732032,-0.28998189606931385,0.25,0
0,129,12,9,1.0104916999820974,0.3479017619704715,0.25,0
0,130,13,0,1.2353863410355235,-1.102218299054223,0.25,1
0,131,13,1,1.0391580088153833,-0.11383634938188146,0.25,2
0,132,13,2,0.8288158408056192,-0.37602715054974273,0.25,1
0,133,13,3,1.7470970579032117,0.2940421429749802,0.25,2
0,134,13,4,1.0669440751896324,0.6441905231896892,0.25,1
0,135,13,5,1.6555923571255047,-0.340310127466209,0.25,0
0,136,13,6,1.575254028279626,-1.0725628041289215,0.25,0
0,137,13,7,1.0956871628611706,-1.0392388147791862,0.25,0
0,138,13,8,1.2730241192346772,1.462842285184577,0.25,2
0,139,13,9,0.9824094830270445,-1.4250901432432643,0.25,2
0,140,14,0,1.635458127324148,-0.019877011042093756,0.25,0
0,141,14,1,1.881329712107404,-1.5290928749284465,0.25,2
0,142,14,2,1.0867324540295367,-0.39500987549879313,0.25,0
0,143,14,3,1.3719061060469246,-0.049755760296968106,0.25,1
0,144,14,4,0.8871900183779853,0.2187859889352313,0.25,0
0,145,14,5,1.0293323281520899,-1.3752024000527405,0.25,1
0,146,14,6,0.9289726740633768,0.9468615879956256,0.25,1
0,147,14,7,1.0787737703426372,-0.9690124307582063,0.25,1
0,148,14,8,1.5724457144963724,-0.6480162941896269,0.25,0
0,149,14,9,1.2232920988356861,0.36456734382632344,0.25,0
0,150,15,0,1.3120653724762894,0.7342475961853729,0.25,0
0,151,15,1,1.9340295779655519,-0.6032918841422477,0.25,0
0,152,15,2,1.8224627989553304,0.7189405658150543,0.25,2
0,153,15,3,1.3601402238131162,-1.0882117291190974,0.25,1
0,154,15,4,1.616823590684255,-0.8665073572768981,0.25,2
0,155,15,5,1.6295257753287256,-0.48721815642469163,0.25,2
0,156,15,6,1.7873685597135065,-0.6204291445949027,0.25,1
0,157,15,7,0.9040175877374514,0.7948910679832192,0.25,2
0,158,15,8,1.2761022645841102,-0.2072657954706782,0.25,1
0,159,15,9,0.9137320140334004,0.08905603873921995,0.25,2
0,160,16,0,1.187504964396774,-1.0954720366375337,0.25,2
0,161,16,1,1.7968331186212771,-0.3604401709908981,0.25,0
0,162,16,2,1.5036540257580533,-1.4385226489904384,0.25,1
0,163,16,3,1.9766095702141835,0.9198072605649881,0.25,2
0,164,16,4,1.9800016478641056,1.1508830312317526,0.25,0
0,165,16,5,1.8661878642938003,0.05334375570673462,0.25,2
0,166,16,6,1.2276374556518856,-0.32154745014292635,0.25,2
0,167,16,7,1.7330529486580464,0.18371232308894828,0.25,0
0,168,16,8,1.4926375387839088,0.7698208513207979,0.25,0
0,169,16,9,1.7125839183983,-1.4896453943825119,0.25,2
0,170,17,0,1.5499291540015803,-0.41786272464637714,0.25,1
0,171,17,1,1.6327814517757944,-0.29919113426702376,0.25,1
0,172,17,2,1.6794632922304582,-0.3488754600926644,0.25,1
0,173,17,3,1.1441226385382421,1.0778337155057705,0.25,1
0,174,17,4,1.634362527310182,1.9512250777434486,0.25,0
0,175,17,5,1.9662048999333346,0.544462374203177,0.25,0
0,176,17,6,1.4374593478517914,1.080532978717757,0.25,2
0,177,17,7,1.3711338441203922,-0.0636840289702414,0.25,1
0,178,17,8,0.9873625776688308,0.7491740480400813,0.25,2
0,179,17,9,1.6133585337151508,1.9995038210449867,0.25,2
0,180,18,0,1.4908665094628626,1.2835066324204059,0.25,0
0,181,18,1,1.265209054346827,0.5629825823255228,0.25,2
0,182,18,2,1.852319471994813,0.3016352331732358,0.25,0
0,183,18,3,1.037868837007379,-0.10160889077002393,0.25,0
0,184,18,4,1.7466141867618055,-0.8283156502165506,0.25,1
0,185,18,5,0.9411698903146389,-0.08452148800245243,0.25,0
0,186,18,6,1.7786124879908138,-1.297363846342752,0.25,1
0,187,18,7,1.4612539949519656,1.146626967509505,0.25,0
0,188,18,8,0.8809084645811236,0.3320386078520851,0.25,2
0,189,18,9,1.2780026613178825,-0.29776047979893233,0.25,2
0,190,19,0,1.1325450673243493,-2.506069837315632,0.25,2
0,191,19,1,1.4333840937349729,1.5164277898120941,0.25,1
0,192,19,2,1.5649051750858178,1.4008882862628078,0.25,1
0,193,19,3,1.2647538980622488,-3.899421730054339,0.25,1
0,194,19,4,1.1638412151970943,0.5470956613393337,0.25,2
0,195,19,5,1.5329581267061705,0.09415415619704649,0.25,1
0,196,19,6,1.478928688659506,-1.1762570649202813,0.25,0
0,197,19,7,1.8116176575079888,1.3554380286698136,0.25,1
0,198,19,8,1.8502739044423662,-0.7905448096678757,0.25,0
0,199,19,9,0.8145216988066313,-0.6762320559749608,0.25,0
0,200,20,0,1.0192547091947335,-1.88834889097665,0.25,1
0,201,20,1,1.952797863116326,-1.3384325194768547,0.25,2
0,202,20,2,1.4181924402831707,1.2928930501938052,0.25,0
0,203,20,3,1.0982692116406942,-0.7281950274352488,0.25,1
0,204,20,4,1.3276393399586377,0.2983352450652942,0.25,1
0,205,20,5,1.0200274917261531,0.7210489500058761,0.25,1
0,206,20,6,1.4892929225633806,-0.29040008007295537,0.25,1
0,207,20,7,1.3206694692199177,-0.13345155853725454,0.25,0
0,208,20,8,1.5369887284914656,-0.9678198646920557,0.25,1
0,209,20,9,1.3814175597318479,-1.7134394379643105,0.25,2
0,210,21,0,1.1114586873665337,0.3426915696456793,0.25,1
0,211,21,1,1.3187179572155192,-0.2374156967345463,0.25,0
0,212,21,2,1.0335312172786815,-0.5113338389470944,0.25,0
0,213,21,3,1.179205982912289,-0.10257528408332377,0.25,2
0,214,21,4,1.5132495230153107,0.6262811950603524,0.25,2
0,215,21,5,1.1370452736837877,1.8139856138927497,0.25,0
0,216,21,6,1.4818307771511519,-0.20341133594471233,0.25,2
0,217,21,7,1.2879354140406176,-1.1437400921015901,0.25,1
0,218,21,8,1.0776470871856947,-0.2791515054677641,0.25,1
0,219,21,9,1.8347306247716568,0.28245182528524887,0.25,0
0,220,22,0,1.6080315574701773,-1.2258827052231547,0.25,2
0,221,22,1,1.8745001307582057,0.8622461846199109,0.25,1
0,222,22,2,0.9797786550505545,0.804078958119873,0.25,2
0,223,22,3,1.4410772283244888,0.4148664012544231,0.25,0
0,224,22,4,1.768601516112188,0.17553862856764266,0.25,1
0,225,22,5,1.3678447656662827,-0.32036252695140677,0.25,1
0,226,22,6,1.2270874634207487,0.9584066801413982,0.25,2
0,227,22,7,1.9122452728743098,-0.37731674369381457,0.25,0
0,228,22,8,1.263037929512864,1.50790948434714,0.25,1
0,229,22,9,1.5923318539132216,1.373579376897762,0.25,1
0,230,23,0,1.4982830948416272,1.0685641574187916,0.25,0
0,231,23,1,1.5062411023272233,-0.057976000069692585,0.25,2
0,232,23,2,0.9004883886761348,-1.0035595719921404,0.25,2
0,233,23,3,1.3671410346001789,-0.19608397256936924,0.25,2
0,234,23,4,1.3516099439324298,0.0775724193502392,0.25,2
0,235,23,5,1.6504427137188604,-1.249162651675905,0.25,1
0,236,23,6,1.8678383163640446,0.3469527857023623,0.25,1
0,237,23,7,1.6653989433402105,-0.8683891967525209,0.25,0
0,238,23,8,1.5882817399108125,-1.030480450166701,0.25,0
0,239,23,9,0.9383347436942173,-0.5549830967166842,0.25,1
0,240,24,0,0.8079182285368458,-1.2521519434446158,0.25,2
0,241,24,1,1.2540432564903856,-1.0360736815895426,0.25,1
0,242,24,2,1.3123491248478647,-1.5655893713726405,0.25,2
0,243,24,3,1.650199379944051,-1.364879600732452,0.25,1
0,244,24,4,0.9725903267251081,2.277500524853034,0.25,0
0,245,24,5,1.315244831953715,0.21271834626863834,0.25,2
0,246,24,6,1.5964204871947727,-1.343088650464953,0.25,0
0,247,24,7,1.8981423378676197,-0.017916816054972758,0.25,1
0,248,24,8,1.1284774042800756,-0.6658760797429369,0.25,0
0,249,24,9,1.021788817374078,-2.421833014859781,0.25,0
0,250,25,0,1.6784961000438612,0.47565293887443977,0.25,2
0,251,25,1,1.0670400065266201,0.09675174368870822,0.25,1
0,252,25,2,0.9405276896619115,0.9079779107107238,0.25,1
0,253,25,3,1.3412569573593105,0.030887319354812974,0.25,2
0,254,25,4,1.521996925078707,-0.3199296129548269,0.25,1
0,255,25,5,1.17946624121176,0.03229538393163682,0.25,0
0,256,25,6,1.3930390470584415,0.36151247402096365,0.25,2
0,257,25,7,1.0078286382944512,1.73296307213118,0.25,2
0,258,25,8,1.8668555529720916,1.2295008614331246,0.25,1
0,259,25,9,1.1513035673834422,0.3148209696175649,0.25,0
0,260,26,0,1.9645392880982084,-0.5731292157665655,0.25,1
0,261,26,1,1.3705099443052746,0.10549947766059664,0.25,2
0,262,26,2,1.2392963704047903,-0.1072691206682774,0.25,0
0,263,26,3,1.1532365090286558,-0.5420091584474772,0.25,0
0,264,26,4,1.9547136738977051,0.5463057654642988,0.25,2
0,265,26,5,0.8366384859002667,0.7480832128709275,0.25,2
0,266,26,6,0.8333790874367232,-0.676001725621899,0.25,2
0,267,26,7,1.4917042175516584,0.7671185432439538,0.25,0
0,268,26,8,1.1981767023902046,-1.6861525369472856,0.25,0
0,269,26,9,1.3710773519594843,-0.14507816949322366,0.25,2
0,270,27,0,0.9049341409636265,-1.0100642731329075,0.25,1
0,271,27,1,1.8684344939402155,0.14037072287334246,0.25,2
0,272,27,2,0.9841454796375766,-1.2200063626559563,0.25,0
0,273,27,3,1.8222288483267364,0.29321371158095555,0.25,1
0,274,27,4,1.129048348343989,-0.044074722613553316,0.25,1
0,275,27,5,1.9793167342329985,-0.9990273318953995,0.25,1
0,276,27,6,1.8046356186842554,0.15127522184716322,0.25,2
0,277,27,7,1.2781741313418946,1.3767253803593051,0.25,2
0,278,27,8,1.0385909604386947,0.48124581925008575,0.25,0
0,279,27,9,1.4739040448901721,-1.8657208634000604,0.25,0
0,280,28,0,1.830132112759414,1.6305228573863613,0.25,2
0,281,28,1,1.4286758770722856,-0.30167632703614505,0.25,2
0,282,28,2,1.6599294004787224,-0.1684098727535861,0.25,0
0,283,28,3,1.7626953875816704,0.4771785779139319,0.25,2
0,284,28,4,1.5394901003564616,-0.3131901055298775,0.25,1
0,285,28,5,1.0085938119483528,0.15215118931163515,0.25,1
0,286,28,6,1.8253972443746564,-0.11575904402998716,0.25,2
0,287,28,7,1.2740155159971045,-0.37190071970620736,0.25,1
0,288,28,8,1.3579907602105727,-0.9466076852692522,0.25,0
0,289,28,9,1.9738977368234571,0.5409699634514118,0.25,1
0,290,29,0,1.9852050435920874,0.5484868325965845,0.25,2
0,291,29,1,1.738497272524892,0.34251539095341227,0.25,0
0,292,29,2,1.478905677002067,-0.26730843195327686,0.25,1
0,293,29,3,0.8412883228136295,-1.4623519251551929,0.25,0
0,294,29,4,1.7808681716934878,1.8507027799514817,0.25,1
0,295,29,5,1.1097562421019307,-0.6854420107180271,0.25,2
0,296,29,6,1.7271396204597949,0.04609297177965803,0.25,2
0,297,29,7,0.9639824094639906,-1.4659673863823872,0.25,2
0,298,29,8,1.3637886491278475,-1.1860696539864874,0.25,1
0,299,29,9,1.8141716971498418,1.2193545887326338,0.25,2
