seed,theta_media,LG_ep_1_500,LG_ep_4501_5000,LG_ultimo_ep,acc_ultimo_ep,cota_optimista,delta
0,0.3675570777354598,0.032230587457692,0.024992841173830854,0.010263486849383925,0.72,0.5491510450980448,-0.007237746283861146
1,0.6034907820134643,-0.05856695860894038,-0.05731965953142646,-0.012078396869567421,0.72,0.5270426597937382,0.0012472990775139192
2,0.602453773566134,-0.0815136024106265,-0.08434554241505492,-0.0666441476725194,0.8,0.550238804516074,-0.002831940004428421
3,0.6232085457226401,-0.10351127610055832,-0.08978522667803196,-0.06841401861884905,0.72,0.5857193452433226,0.013726049422526365
4,0.18421855307828153,0.12783666266251456,0.15069396721646755,0.1296057259939607,0.74,0.555276268575653,0.02285730455395299
5,0.6315803569857626,-0.09089597387611476,-0.09127783859899156,-0.12498165659857939,0.74,0.5459949954708243,-0.0003818647228768096
6,0.5584720540732536,-0.030554582106731967,-0.017911579040558588,-0.10725996758369402,0.7,0.6616503045966243,0.01264300306617338
7,0.4229784658588928,0.06939341075962265,0.07768090143122688,0.05670476400909829,0.72,0.5441037745349105,0.008287490671604239
8,0.4907329625247054,0.023919863711707498,0.0292347011081797,0.10646158386289875,0.8,0.5876760234966426,0.005314837396472202
9,0.7368505397642325,-0.25444151465759324,-0.23762101314699524,-0.3074128332822852,0.64,0.5044095454919049,0.016820501510597996
